img1 - Copy.png,"[1 - animals\humans]"
img1.png,"[1 - animals\humans]"
img2.png,"[0 - not clear\plants\landscape]"
img3.png,"[1 - animals\humans]"
img4.png,"[1 - animals\humans]"
img5.png,"[0 - not clear\plants\landscape]"
img6.png,"[1 - animals\humans]"
img7.png,"[1 - animals\humans]"
img8.png,"[1 - animals\humans]"
img9.png,"[1 - animals\humans]"
img10.png,"[2 - structures\artifacts]"
img11.png,"[2 - structures\artifacts]"
img12.png,"[2 - structures\artifacts]"
img13.png,"[2 - structures\artifacts]"
img14.png,"[1 - animals\humans]"
img15.png,"[0 - not clear\plants\landscape]"
img16.png,"[2 - structures\artifacts]"
img17.png,"[2 - structures\artifacts]"
img18.png,"[1 - animals\humans]"
img19.png,"[1 - animals\humans]"
img20.png,"[1 - animals\humans]"
img21.png,"[1 - animals\humans]"
img22.png,"[1 - animals\humans]"
img23.png,"[2 - structures\artifacts]"
img24.png,"[1 - animals\humans]"
img25.png,"[1 - animals\humans]"
img26.png,"[1 - animals\humans]"
img27.png,"[1 - animals\humans]"
img28.png,"[1 - animals\humans]"
img29.png,"[0 - not clear\plants\landscape]"
img30.png,"[2 - structures\artifacts]"
img31.png,"[1 - animals\humans]"
img32.png,"[2 - structures\artifacts]"
img33.png,"[1 - animals\humans]"
img34.png,"[2 - structures\artifacts]"
img35.png,"[1 - animals\humans]"
img36.png,"[2 - structures\artifacts]"
img37.png,"[1 - animals\humans]"
img38.png,"[0 - not clear\plants\landscape]"
img39.png,"[0 - not clear\plants\landscape]"
img40.png,"[2 - structures\artifacts]"
img41.png,"[1 - animals\humans]"
img42.png,"[2 - structures\artifacts]"
img43.png,"[1 - animals\humans]"
img44.png,"[2 - structures\artifacts]"
img45.png,"[0 - not clear\plants\landscape]"
img46.png,"[0 - not clear\plants\landscape]"
img47.png,"[1 - animals\humans]"
img48.png,"[0 - not clear\plants\landscape]"
img49.png,"[0 - not clear\plants\landscape]"
img50.png,"[2 - structures\artifacts]"
img51.png,"[0 - not clear\plants\landscape]"
img52.png,"[1 - animals\humans]"
img53.png,"[1 - animals\humans]"
img54.png,"[0 - not clear\plants\landscape]"
img55.png,"[1 - animals\humans]"
img56.png,"[2 - structures\artifacts]"
img57.png,"[1 - animals\humans]"
img58.png,"[0 - not clear\plants\landscape]"
img59.png,"[0 - not clear\plants\landscape]"
img60.png,"[1 - animals\humans]"
img61.png,"[1 - animals\humans]"
img62.png,"[0 - not clear\plants\landscape]"
img63.png,"[1 - animals\humans]"
img64.png,"[1 - animals\humans]"
img65.png,"[0 - not clear\plants\landscape]"
img66.png,"[0 - not clear\plants\landscape]"
img67.png,"[1 - animals\humans]"
img68.png,"[2 - structures\artifacts]"
img69.png,"[1 - animals\humans]"
img70.png,"[0 - not clear\plants\landscape]"
img71.png,"[2 - structures\artifacts]"
img72.png,"[0 - not clear\plants\landscape]"
img73.png,"[2 - structures\artifacts]"
img74.png,"[2 - structures\artifacts]"
img75.png,"[2 - structures\artifacts]"
img76.png,"[2 - structures\artifacts]"
img77.png,"[0 - not clear\plants\landscape]"
img78.png,"[1 - animals\humans]"
img79.png,"[2 - structures\artifacts]"
img80.png,"[0 - not clear\plants\landscape]"
img81.png,"[0 - not clear\plants\landscape]"
img82.png,"[2 - structures\artifacts]"
img83.png,"[2 - structures\artifacts]"
img84.png,"[1 - animals\humans]"
img85.png,"[2 - structures\artifacts]"
img86.png,"[0 - not clear\plants\landscape]"
img87.png,"[1 - animals\humans]"
img88.png,"[0 - not clear\plants\landscape]"
img89.png,"[1 - animals\humans]"
img90.png,"[0 - not clear\plants\landscape]"
img91.png,"[0 - not clear\plants\landscape]"
img92.png,"[0 - not clear\plants\landscape]"
img93.png,"[2 - structures\artifacts]"
img94.png,"[2 - structures\artifacts]"
img95.png,"[0 - not clear\plants\landscape]"
img96.png,"[1 - animals\humans]"
img97.png,"[2 - structures\artifacts]"
img98.png,"[1 - animals\humans]"
img99.png,"[0 - not clear\plants\landscape]"
img100.png,"[0 - not clear\plants\landscape]"
img101.png,"[1 - animals\humans]"
img102.png,"[2 - structures\artifacts]"
img103.png,"[2 - structures\artifacts]"
img104.png,"[1 - animals\humans]"
img105.png,"[0 - not clear\plants\landscape]"
img106.png,"[2 - structures\artifacts]"
img107.png,"[1 - animals\humans]"
img108.png,"[2 - structures\artifacts]"
img109.png,"[2 - structures\artifacts]"
img110.png,"[1 - animals\humans]"
img111.png,"[1 - animals\humans]"
img112.png,"[2 - structures\artifacts]"
img113.png,"[1 - animals\humans]"
img114.png,"[0 - not clear\plants\landscape]"
img115.png,"[0 - not clear\plants\landscape]"
img116.png,"[2 - structures\artifacts]"
img117.png,"[1 - animals\humans]"
img118.png,"[1 - animals\humans]"
img119.png,"[0 - not clear\plants\landscape]"
img120.png,"[1 - animals\humans]"
img121.png,"[2 - structures\artifacts]"
img122.png,"[2 - structures\artifacts]"
img123.png,"[1 - animals\humans]"
img124.png,"[1 - animals\humans]"
img125.png,"[0 - not clear\plants\landscape]"
img126.png,"[1 - animals\humans]"
img127.png,"[1 - animals\humans]"
img128.png,"[2 - structures\artifacts]"
img129.png,"[1 - animals\humans]"
img130.png,"[2 - structures\artifacts]"
img131.png,"[0 - not clear\plants\landscape]"
img132.png,"[1 - animals\humans]"
img133.png,"[1 - animals\humans]"
img134.png,"[1 - animals\humans]"
img135.png,"[2 - structures\artifacts]"
img136.png,"[2 - structures\artifacts]"
img137.png,"[1 - animals\humans]"
img138.png,"[2 - structures\artifacts]"
img139.png,"[1 - animals\humans]"
img140.png,"[2 - structures\artifacts]"
img141.png,"[1 - animals\humans]"
img142.png,"[2 - structures\artifacts]"
img143.png,"[2 - structures\artifacts]"
img144.png,"[0 - not clear\plants\landscape]"
img145.png,"[1 - animals\humans]"
img146.png,"[0 - not clear\plants\landscape]"
img147.png,"[1 - animals\humans]"
img148.png,"[1 - animals\humans]"
img149.png,"[1 - animals\humans]"
img150.png,"[2 - structures\artifacts]"
img151.png,"[1 - animals\humans]"
img152.png,"[1 - animals\humans]"
img153.png,"[1 - animals\humans]"
img154.png,"[2 - structures\artifacts]"
img155.png,"[0 - not clear\plants\landscape]"
img156.png,"[1 - animals\humans]"
img157.png,"[1 - animals\humans]"
img158.png,"[2 - structures\artifacts]"
img159.png,"[0 - not clear\plants\landscape]"
img160.png,"[2 - structures\artifacts]"
img161.png,"[2 - structures\artifacts]"
img162.png,"[1 - animals\humans]"
img163.png,"[2 - structures\artifacts]"
img164.png,"[0 - not clear\plants\landscape]"
img165.png,"[2 - structures\artifacts]"
img166.png,"[1 - animals\humans]"
img167.png,"[2 - structures\artifacts]"
img168.png,"[1 - animals\humans]"
img169.png,"[2 - structures\artifacts]"
img170.png,"[1 - animals\humans]"
img171.png,"[2 - structures\artifacts]"
img172.png,"[2 - structures\artifacts]"
img173.png,"[0 - not clear\plants\landscape]"
img174.png,"[0 - not clear\plants\landscape]"
img175.png,"[2 - structures\artifacts]"
img176.png,"[0 - not clear\plants\landscape]"
img177.png,"[2 - structures\artifacts]"
img178.png,"[1 - animals\humans]"
img179.png,"[2 - structures\artifacts]"
img180.png,"[1 - animals\humans]"
img181.png,"[0 - not clear\plants\landscape]"
img182.png,"[1 - animals\humans]"
img183.png,"[2 - structures\artifacts]"
img184.png,"[2 - structures\artifacts]"
img185.png,"[2 - structures\artifacts]"
img186.png,"[0 - not clear\plants\landscape]"
img187.png,"[1 - animals\humans]"
img188.png,"[2 - structures\artifacts]"
img189.png,"[1 - animals\humans]"
img190.png,"[0 - not clear\plants\landscape]"
img191.png,"[2 - structures\artifacts]"
img192.png,"[0 - not clear\plants\landscape]"
img193.png,"[2 - structures\artifacts]"
img194.png,"[1 - animals\humans]"
img195.png,"[1 - animals\humans]"
img196.png,"[2 - structures\artifacts]"
img197.png,"[2 - structures\artifacts]"
img198.png,"[2 - structures\artifacts]"
img199.png,"[0 - not clear\plants\landscape]"
img200.png,"[2 - structures\artifacts]"
img201.png,"[1 - animals\humans]"
img202.png,"[0 - not clear\plants\landscape]"
img203.png,"[2 - structures\artifacts]"
img204.png,"[0 - not clear\plants\landscape]"
img205.png,"[1 - animals\humans]"
img206.png,"[2 - structures\artifacts]"
img207.png,"[0 - not clear\plants\landscape]"
img208.png,"[0 - not clear\plants\landscape]"
img209.png,"[0 - not clear\plants\landscape]"
img210.png,"[2 - structures\artifacts]"
img211.png,"[1 - animals\humans]"
img212.png,"[1 - animals\humans]"
img213.png,"[1 - animals\humans]"
img214.png,"[1 - animals\humans]"
img215.png,"[2 - structures\artifacts]"
img216.png,"[1 - animals\humans]"
img217.png,"[0 - not clear\plants\landscape]"
img218.png,"[2 - structures\artifacts]"
img219.png,"[0 - not clear\plants\landscape]"
img220.png,"[1 - animals\humans]"
img221.png,"[2 - structures\artifacts]"
img222.png,"[2 - structures\artifacts]"
img223.png,"[2 - structures\artifacts]"
img224.png,"[2 - structures\artifacts]"
img225.png,"[1 - animals\humans]"
img226.png,"[2 - structures\artifacts]"
img227.png,"[1 - animals\humans]"
img228.png,"[0 - not clear\plants\landscape]"
img229.png,"[1 - animals\humans]"
img230.png,"[1 - animals\humans]"
img231.png,"[1 - animals\humans]"
img232.png,"[0 - not clear\plants\landscape]"
img233.png,"[1 - animals\humans]"
img234.png,"[1 - animals\humans]"
img235.png,"[2 - structures\artifacts]"
img236.png,"[2 - structures\artifacts]"
img237.png,"[1 - animals\humans]"
img238.png,"[2 - structures\artifacts]"
img239.png,"[1 - animals\humans]"
img240.png,"[0 - not clear\plants\landscape]"
img241.png,"[0 - not clear\plants\landscape]"
img242.png,"[2 - structures\artifacts]"
img243.png,"[1 - animals\humans]"
img244.png,"[1 - animals\humans]"
img245.png,"[0 - not clear\plants\landscape]"
img246.png,"[0 - not clear\plants\landscape]"
img247.png,"[2 - structures\artifacts]"
img248.png,"[2 - structures\artifacts]"
img249.png,"[1 - animals\humans]"
img250.png,"[0 - not clear\plants\landscape]"
img251.png,"[2 - structures\artifacts]"
img252.png,"[0 - not clear\plants\landscape]"
img253.png,"[1 - animals\humans]"
img254.png,"[1 - animals\humans]"
img255.png,"[1 - animals\humans]"
img256.png,"[1 - animals\humans]"
img257.png,"[0 - not clear\plants\landscape]"
img258.png,"[0 - not clear\plants\landscape]"
img259.png,"[2 - structures\artifacts]"
img260.png,"[1 - animals\humans]"
img261.png,"[2 - structures\artifacts]"
img262.png,"[1 - animals\humans]"
img263.png,"[1 - animals\humans]"
img264.png,"[1 - animals\humans]"
img265.png,"[1 - animals\humans]"
img266.png,"[2 - structures\artifacts]"
img267.png,"[0 - not clear\plants\landscape]"
img268.png,"[0 - not clear\plants\landscape]"
img269.png,"[1 - animals\humans]"
img270.png,"[0 - not clear\plants\landscape]"
img271.png,"[2 - structures\artifacts]"
img272.png,"[2 - structures\artifacts]"
img273.png,"[2 - structures\artifacts]"
img274.png,"[2 - structures\artifacts]"
img275.png,"[2 - structures\artifacts]"
img276.png,"[0 - not clear\plants\landscape]"
img277.png,"[1 - animals\humans]"
img278.png,"[0 - not clear\plants\landscape]"
img279.png,"[2 - structures\artifacts]"
img280.png,"[2 - structures\artifacts]"
img281.png,"[1 - animals\humans]"
img282.png,"[2 - structures\artifacts]"
img283.png,"[1 - animals\humans]"
img284.png,"[0 - not clear\plants\landscape]"
img285.png,"[1 - animals\humans]"
img286.png,"[2 - structures\artifacts]"
img287.png,"[2 - structures\artifacts]"
img288.png,"[1 - animals\humans]"
img289.png,"[1 - animals\humans]"
img290.png,"[2 - structures\artifacts]"
img291.png,"[1 - animals\humans]"
img292.png,"[2 - structures\artifacts]"
img293.png,"[1 - animals\humans]"
img294.png,"[2 - structures\artifacts]"
img295.png,"[1 - animals\humans]"
img296.png,"[0 - not clear\plants\landscape]"
img297.png,"[0 - not clear\plants\landscape]"
img298.png,"[2 - structures\artifacts]"
img299.png,"[2 - structures\artifacts]"
img300.png,"[0 - not clear\plants\landscape]"
img301.png,"[2 - structures\artifacts]"
img302.png,"[1 - animals\humans]"
img303.png,"[1 - animals\humans]"
img304.png,"[1 - animals\humans]"
img305.png,"[0 - not clear\plants\landscape]"
img306.png,"[1 - animals\humans]"
img307.png,"[1 - animals\humans]"
img308.png,"[0 - not clear\plants\landscape]"
img309.png,"[2 - structures\artifacts]"
img310.png,"[1 - animals\humans]"
img311.png,"[1 - animals\humans]"
img312.png,"[1 - animals\humans]"
img313.png,"[1 - animals\humans]"
img314.png,"[0 - not clear\plants\landscape]"
img315.png,"[0 - not clear\plants\landscape]"
img316.png,"[1 - animals\humans]"
img317.png,"[1 - animals\humans]"
img318.png,"[1 - animals\humans]"
img319.png,"[1 - animals\humans]"
img320.png,"[1 - animals\humans]"
img321.png,"[1 - animals\humans]"
img322.png,"[1 - animals\humans]"
img323.png,"[2 - structures\artifacts]"
img324.png,"[0 - not clear\plants\landscape]"
img325.png,"[1 - animals\humans]"
img326.png,"[1 - animals\humans]"
img327.png,"[0 - not clear\plants\landscape]"
img328.png,"[2 - structures\artifacts]"
img329.png,"[0 - not clear\plants\landscape]"
img330.png,"[1 - animals\humans]"
img331.png,"[2 - structures\artifacts]"
img332.png,"[2 - structures\artifacts]"
img333.png,"[0 - not clear\plants\landscape]"
img334.png,"[0 - not clear\plants\landscape]"
img335.png,"[0 - not clear\plants\landscape]"
img336.png,"[2 - structures\artifacts]"
img337.png,"[2 - structures\artifacts]"
img338.png,"[0 - not clear\plants\landscape]"
img339.png,"[1 - animals\humans]"
img340.png,"[1 - animals\humans]"
img341.png,"[1 - animals\humans]"
img342.png,"[0 - not clear\plants\landscape]"
img343.png,"[1 - animals\humans]"
img344.png,"[1 - animals\humans]"
img345.png,"[1 - animals\humans]"
img346.png,"[1 - animals\humans]"
img347.png,"[2 - structures\artifacts]"
img348.png,"[0 - not clear\plants\landscape]"
img349.png,"[0 - not clear\plants\landscape]"
img350.png,"[2 - structures\artifacts]"
img351.png,"[0 - not clear\plants\landscape]"
img352.png,"[1 - animals\humans]"
img353.png,"[1 - animals\humans]"
img354.png,"[1 - animals\humans]"
img355.png,"[1 - animals\humans]"
img356.png,"[0 - not clear\plants\landscape]"
img357.png,"[2 - structures\artifacts]"
img358.png,"[1 - animals\humans]"
img359.png,"[2 - structures\artifacts]"
img360.png,"[2 - structures\artifacts]"
img361.png,"[1 - animals\humans]"
img362.png,"[1 - animals\humans]"
img363.png,"[0 - not clear\plants\landscape]"
img364.png,"[2 - structures\artifacts]"
img365.png,"[1 - animals\humans]"
img366.png,"[0 - not clear\plants\landscape]"
img367.png,"[1 - animals\humans]"
img368.png,"[2 - structures\artifacts]"
img369.png,"[2 - structures\artifacts]"
img370.png,"[1 - animals\humans]"
img371.png,"[1 - animals\humans]"
img372.png,"[2 - structures\artifacts]"
img373.png,"[0 - not clear\plants\landscape]"
img374.png,"[0 - not clear\plants\landscape]"
img375.png,"[2 - structures\artifacts]"
img376.png,"[2 - structures\artifacts]"
img377.png,"[1 - animals\humans]"
img378.png,"[2 - structures\artifacts]"
img379.png,"[2 - structures\artifacts]"
img380.png,"[0 - not clear\plants\landscape]"
img381.png,"[0 - not clear\plants\landscape]"
img382.png,"[2 - structures\artifacts]"
img383.png,"[2 - structures\artifacts]"
img384.png,"[2 - structures\artifacts]"
img385.png,"[2 - structures\artifacts]"
img386.png,"[1 - animals\humans]"
img387.png,"[2 - structures\artifacts]"
img388.png,"[2 - structures\artifacts]"
img389.png,"[2 - structures\artifacts]"
img390.png,"[2 - structures\artifacts]"
img391.png,"[0 - not clear\plants\landscape]"
img392.png,"[0 - not clear\plants\landscape]"
img393.png,"[2 - structures\artifacts]"
img394.png,"[1 - animals\humans]"
img395.png,"[2 - structures\artifacts]"
img396.png,"[0 - not clear\plants\landscape]"
img397.png,"[1 - animals\humans]"
img398.png,"[1 - animals\humans]"
img399.png,"[0 - not clear\plants\landscape]"
img400.png,"[1 - animals\humans]"
img401.png,"[2 - structures\artifacts]"
img402.png,"[1 - animals\humans]"
img403.png,"[2 - structures\artifacts]"
img404.png,"[2 - structures\artifacts]"
img405.png,"[1 - animals\humans]"
img406.png,"[0 - not clear\plants\landscape]"
img407.png,"[1 - animals\humans]"
img408.png,"[0 - not clear\plants\landscape]"
img409.png,"[2 - structures\artifacts]"
img410.png,"[1 - animals\humans]"
img411.png,"[0 - not clear\plants\landscape]"
img412.png,"[1 - animals\humans]"
img413.png,"[0 - not clear\plants\landscape]"
img414.png,"[0 - not clear\plants\landscape]"
img415.png,"[1 - animals\humans]"
img416.png,"[2 - structures\artifacts]"
img417.png,"[2 - structures\artifacts]"
img418.png,"[2 - structures\artifacts]"
img419.png,"[0 - not clear\plants\landscape]"
img420.png,"[1 - animals\humans]"
img421.png,"[1 - animals\humans]"
img422.png,"[0 - not clear\plants\landscape]"
img423.png,"[2 - structures\artifacts]"
img424.png,"[1 - animals\humans]"
img425.png,"[2 - structures\artifacts]"
img426.png,"[2 - structures\artifacts]"
img427.png,"[1 - animals\humans]"
img428.png,"[1 - animals\humans]"
img429.png,"[0 - not clear\plants\landscape]"
img430.png,"[1 - animals\humans]"
img431.png,"[1 - animals\humans]"
img432.png,"[2 - structures\artifacts]"
img433.png,"[1 - animals\humans]"
img434.png,"[0 - not clear\plants\landscape]"
img435.png,"[2 - structures\artifacts]"
img436.png,"[1 - animals\humans]"
img437.png,"[1 - animals\humans]"
img438.png,"[2 - structures\artifacts]"
img439.png,"[1 - animals\humans]"
img440.png,"[1 - animals\humans]"
img441.png,"[1 - animals\humans]"
img442.png,"[1 - animals\humans]"
img443.png,"[0 - not clear\plants\landscape]"
img444.png,"[2 - structures\artifacts]"
img445.png,"[0 - not clear\plants\landscape]"
img446.png,"[0 - not clear\plants\landscape]"
img447.png,"[0 - not clear\plants\landscape]"
img448.png,"[0 - not clear\plants\landscape]"
img449.png,"[2 - structures\artifacts]"
img450.png,"[1 - animals\humans]"
img451.png,"[2 - structures\artifacts]"
img452.png,"[0 - not clear\plants\landscape]"
img453.png,"[1 - animals\humans]"
img454.png,"[0 - not clear\plants\landscape]"
img455.png,"[1 - animals\humans]"
img456.png,"[1 - animals\humans]"
img457.png,"[2 - structures\artifacts]"
img458.png,"[1 - animals\humans]"
img459.png,"[0 - not clear\plants\landscape]"
img460.png,"[0 - not clear\plants\landscape]"
img461.png,"[1 - animals\humans]"
img462.png,"[1 - animals\humans]"
img463.png,"[1 - animals\humans]"
img464.png,"[2 - structures\artifacts]"
img465.png,"[0 - not clear\plants\landscape]"
img466.png,"[1 - animals\humans]"
img467.png,"[0 - not clear\plants\landscape]"
img468.png,"[2 - structures\artifacts]"
img469.png,"[0 - not clear\plants\landscape]"
img470.png,"[0 - not clear\plants\landscape]"
img471.png,"[1 - animals\humans]"
img472.png,"[1 - animals\humans]"
img473.png,"[1 - animals\humans]"
img474.png,"[2 - structures\artifacts]"
img475.png,"[0 - not clear\plants\landscape]"
img476.png,"[0 - not clear\plants\landscape]"
img477.png,"[1 - animals\humans]"
img478.png,"[2 - structures\artifacts]"
img479.png,"[0 - not clear\plants\landscape]"
img480.png,"[2 - structures\artifacts]"
img481.png,"[0 - not clear\plants\landscape]"
img482.png,"[2 - structures\artifacts]"
img483.png,"[1 - animals\humans]"
img484.png,"[2 - structures\artifacts]"
img485.png,"[0 - not clear\plants\landscape]"
img486.png,"[2 - structures\artifacts]"
img487.png,"[0 - not clear\plants\landscape]"
img488.png,"[2 - structures\artifacts]"
img489.png,"[1 - animals\humans]"
img490.png,"[2 - structures\artifacts]"
img491.png,"[1 - animals\humans]"
img492.png,"[2 - structures\artifacts]"
img493.png,"[2 - structures\artifacts]"
img494.png,"[2 - structures\artifacts]"
img495.png,"[0 - not clear\plants\landscape]"
img496.png,"[0 - not clear\plants\landscape]"
img497.png,"[2 - structures\artifacts]"
img498.png,"[1 - animals\humans]"
img499.png,"[0 - not clear\plants\landscape]"
img500.png,"[0 - not clear\plants\landscape]"
img501.png,"[1 - animals\humans]"
img502.png,"[0 - not clear\plants\landscape]"
img503.png,"[0 - not clear\plants\landscape]"
img504.png,"[1 - animals\humans]"
img505.png,"[0 - not clear\plants\landscape]"
img506.png,"[1 - animals\humans]"
img507.png,"[2 - structures\artifacts]"
img508.png,"[2 - structures\artifacts]"
img509.png,"[2 - structures\artifacts]"
img510.png,"[0 - not clear\plants\landscape]"
img511.png,"[1 - animals\humans]"
img512.png,"[2 - structures\artifacts]"
img513.png,"[2 - structures\artifacts]"
img514.png,"[1 - animals\humans]"
img515.png,"[0 - not clear\plants\landscape]"
img516.png,"[0 - not clear\plants\landscape]"
img517.png,"[1 - animals\humans]"
img518.png,"[1 - animals\humans]"
img519.png,"[1 - animals\humans]"
img520.png,"[1 - animals\humans]"
img521.png,"[1 - animals\humans]"
img522.png,"[1 - animals\humans]"
img523.png,"[2 - structures\artifacts]"
img524.png,"[2 - structures\artifacts]"
img525.png,"[1 - animals\humans]"
img526.png,"[1 - animals\humans]"
img527.png,"[2 - structures\artifacts]"
img528.png,"[2 - structures\artifacts]"
img529.png,"[0 - not clear\plants\landscape]"
img530.png,"[0 - not clear\plants\landscape]"
img531.png,"[1 - animals\humans]"
img532.png,"[0 - not clear\plants\landscape]"
img533.png,"[1 - animals\humans]"
img534.png,"[1 - animals\humans]"
img535.png,"[2 - structures\artifacts]"
img536.png,"[2 - structures\artifacts]"
img537.png,"[1 - animals\humans]"
img538.png,"[0 - not clear\plants\landscape]"
img539.png,"[2 - structures\artifacts]"
img540.png,"[0 - not clear\plants\landscape]"
img541.png,"[2 - structures\artifacts]"
img542.png,"[0 - not clear\plants\landscape]"
img543.png,"[2 - structures\artifacts]"
img544.png,"[2 - structures\artifacts]"
img545.png,"[1 - animals\humans]"
img546.png,"[1 - animals\humans]"
img547.png,"[1 - animals\humans]"
img548.png,"[1 - animals\humans]"
img549.png,"[2 - structures\artifacts]"
img550.png,"[0 - not clear\plants\landscape]"
img551.png,"[1 - animals\humans]"
img552.png,"[0 - not clear\plants\landscape]"
img553.png,"[1 - animals\humans]"
img554.png,"[2 - structures\artifacts]"
img555.png,"[1 - animals\humans]"
img556.png,"[1 - animals\humans]"
img557.png,"[0 - not clear\plants\landscape]"
img558.png,"[0 - not clear\plants\landscape]"
img559.png,"[2 - structures\artifacts]"
img560.png,"[2 - structures\artifacts]"
img561.png,"[1 - animals\humans]"
img562.png,"[0 - not clear\plants\landscape]"
img563.png,"[1 - animals\humans]"
img564.png,"[2 - structures\artifacts]"
img565.png,"[0 - not clear\plants\landscape]"
img566.png,"[0 - not clear\plants\landscape]"
img567.png,"[2 - structures\artifacts]"
img568.png,"[2 - structures\artifacts]"
img569.png,"[0 - not clear\plants\landscape]"
img570.png,"[1 - animals\humans]"
img571.png,"[1 - animals\humans]"
img572.png,"[1 - animals\humans]"
img573.png,"[1 - animals\humans]"
img574.png,"[2 - structures\artifacts]"
img575.png,"[1 - animals\humans]"
img576.png,"[1 - animals\humans]"
img577.png,"[1 - animals\humans]"
img578.png,"[2 - structures\artifacts]"
img579.png,"[1 - animals\humans]"
img580.png,"[0 - not clear\plants\landscape]"
img581.png,"[1 - animals\humans]"
img582.png,"[0 - not clear\plants\landscape]"
img583.png,"[1 - animals\humans]"
img584.png,"[1 - animals\humans]"
img585.png,"[0 - not clear\plants\landscape]"
img586.png,"[0 - not clear\plants\landscape]"
img587.png,"[1 - animals\humans]"
img588.png,"[1 - animals\humans]"
img589.png,"[0 - not clear\plants\landscape]"
img590.png,"[1 - animals\humans]"
img591.png,"[2 - structures\artifacts]"
img592.png,"[0 - not clear\plants\landscape]"
img593.png,"[2 - structures\artifacts]"
img594.png,"[0 - not clear\plants\landscape]"
img595.png,"[0 - not clear\plants\landscape]"
img596.png,"[2 - structures\artifacts]"
img597.png,"[1 - animals\humans]"
img598.png,"[1 - animals\humans]"
img599.png,"[1 - animals\humans]"
img600.png,"[2 - structures\artifacts]"
img601.png,"[2 - structures\artifacts]"
img602.png,"[2 - structures\artifacts]"
img603.png,"[1 - animals\humans]"
img604.png,"[2 - structures\artifacts]"
img605.png,"[1 - animals\humans]"
img606.png,"[0 - not clear\plants\landscape]"
img607.png,"[0 - not clear\plants\landscape]"
img608.png,"[0 - not clear\plants\landscape]"
img609.png,"[1 - animals\humans]"
img610.png,"[2 - structures\artifacts]"
img611.png,"[2 - structures\artifacts]"
img612.png,"[0 - not clear\plants\landscape]"
img613.png,"[2 - structures\artifacts]"
img614.png,"[1 - animals\humans]"
img615.png,"[1 - animals\humans]"
img616.png,"[2 - structures\artifacts]"
img617.png,"[2 - structures\artifacts]"
img618.png,"[0 - not clear\plants\landscape]"
img619.png,"[1 - animals\humans]"
img620.png,"[1 - animals\humans]"
img621.png,"[0 - not clear\plants\landscape]"
img622.png,"[1 - animals\humans]"
img623.png,"[1 - animals\humans]"
img624.png,"[1 - animals\humans]"
img625.png,"[0 - not clear\plants\landscape]"
img626.png,"[2 - structures\artifacts]"
img627.png,"[1 - animals\humans]"
img628.png,"[1 - animals\humans]"
img629.png,"[1 - animals\humans]"
img630.png,"[1 - animals\humans]"
img631.png,"[2 - structures\artifacts]"
img632.png,"[0 - not clear\plants\landscape]"
img633.png,"[1 - animals\humans]"
img634.png,"[2 - structures\artifacts]"
img635.png,"[2 - structures\artifacts]"
img636.png,"[0 - not clear\plants\landscape]"
img637.png,"[1 - animals\humans]"
img638.png,"[1 - animals\humans]"
img639.png,"[1 - animals\humans]"
img640.png,"[1 - animals\humans]"
img641.png,"[1 - animals\humans]"
img642.png,"[0 - not clear\plants\landscape]"
img643.png,"[1 - animals\humans]"
img644.png,"[1 - animals\humans]"
img645.png,"[2 - structures\artifacts]"
img646.png,"[0 - not clear\plants\landscape]"
img647.png,"[1 - animals\humans]"
img648.png,"[2 - structures\artifacts]"
img649.png,"[1 - animals\humans]"
img650.png,"[1 - animals\humans]"
img651.png,"[0 - not clear\plants\landscape]"
img652.png,"[2 - structures\artifacts]"
img653.png,"[1 - animals\humans]"
img654.png,"[2 - structures\artifacts]"
img655.png,"[1 - animals\humans]"
img656.png,"[0 - not clear\plants\landscape]"
img657.png,"[0 - not clear\plants\landscape]"
img658.png,"[1 - animals\humans]"
img659.png,"[1 - animals\humans]"
img660.png,"[2 - structures\artifacts]"
img661.png,"[0 - not clear\plants\landscape]"
img662.png,"[1 - animals\humans]"
img663.png,"[2 - structures\artifacts]"
img664.png,"[0 - not clear\plants\landscape]"
img665.png,"[1 - animals\humans]"
img666.png,"[2 - structures\artifacts]"
img667.png,"[0 - not clear\plants\landscape]"
img668.png,"[2 - structures\artifacts]"
img669.png,"[0 - not clear\plants\landscape]"
img670.png,"[0 - not clear\plants\landscape]"
img671.png,"[0 - not clear\plants\landscape]"
img672.png,"[0 - not clear\plants\landscape]"
img673.png,"[1 - animals\humans]"
img674.png,"[2 - structures\artifacts]"
img675.png,"[1 - animals\humans]"
img676.png,"[0 - not clear\plants\landscape]"
img677.png,"[1 - animals\humans]"
img678.png,"[1 - animals\humans]"
img679.png,"[0 - not clear\plants\landscape]"
img680.png,"[0 - not clear\plants\landscape]"
img681.png,"[1 - animals\humans]"
img682.png,"[1 - animals\humans]"
img683.png,"[1 - animals\humans]"
img684.png,"[0 - not clear\plants\landscape]"
img685.png,"[0 - not clear\plants\landscape]"
img686.png,"[2 - structures\artifacts]"
img687.png,"[1 - animals\humans]"
img688.png,"[2 - structures\artifacts]"
img689.png,"[1 - animals\humans]"
img690.png,"[2 - structures\artifacts]"
img691.png,"[1 - animals\humans]"
img692.png,"[0 - not clear\plants\landscape]"
img693.png,"[0 - not clear\plants\landscape]"
img694.png,"[0 - not clear\plants\landscape]"
img695.png,"[2 - structures\artifacts]"
img696.png,"[0 - not clear\plants\landscape]"
img697.png,"[2 - structures\artifacts]"
img698.png,"[1 - animals\humans]"
img699.png,"[1 - animals\humans]"
img700.png,"[0 - not clear\plants\landscape]"
img701.png,"[2 - structures\artifacts]"
img702.png,"[1 - animals\humans]"
img703.png,"[0 - not clear\plants\landscape]"
img704.png,"[1 - animals\humans]"
img705.png,"[2 - structures\artifacts]"
img706.png,"[1 - animals\humans]"
img707.png,"[1 - animals\humans]"
img708.png,"[2 - structures\artifacts]"
img709.png,"[2 - structures\artifacts]"
img710.png,"[2 - structures\artifacts]"
img711.png,"[1 - animals\humans]"
img712.png,"[0 - not clear\plants\landscape]"
img713.png,"[1 - animals\humans]"
img714.png,"[2 - structures\artifacts]"
img715.png,"[1 - animals\humans]"
img716.png,"[2 - structures\artifacts]"
img717.png,"[2 - structures\artifacts]"
img718.png,"[2 - structures\artifacts]"
img719.png,"[2 - structures\artifacts]"
img720.png,"[1 - animals\humans]"
img721.png,"[2 - structures\artifacts]"
img722.png,"[1 - animals\humans]"
img723.png,"[1 - animals\humans]"
img724.png,"[1 - animals\humans]"
img725.png,"[0 - not clear\plants\landscape]"
img726.png,"[0 - not clear\plants\landscape]"
img727.png,"[1 - animals\humans]"
img728.png,"[0 - not clear\plants\landscape]"
img729.png,"[2 - structures\artifacts]"
img730.png,"[2 - structures\artifacts]"
img731.png,"[0 - not clear\plants\landscape]"
img732.png,"[2 - structures\artifacts]"
img733.png,"[2 - structures\artifacts]"
img734.png,"[0 - not clear\plants\landscape]"
img735.png,"[2 - structures\artifacts]"
img736.png,"[2 - structures\artifacts]"
img737.png,"[1 - animals\humans]"
img738.png,"[2 - structures\artifacts]"
img739.png,"[2 - structures\artifacts]"
img740.png,"[1 - animals\humans]"
img741.png,"[0 - not clear\plants\landscape]"
img742.png,"[2 - structures\artifacts]"
img743.png,"[2 - structures\artifacts]"
img744.png,"[2 - structures\artifacts]"
img745.png,"[0 - not clear\plants\landscape]"
img746.png,"[2 - structures\artifacts]"
img747.png,"[1 - animals\humans]"
img748.png,"[1 - animals\humans]"
img749.png,"[2 - structures\artifacts]"
img750.png,"[2 - structures\artifacts]"
img751.png,"[0 - not clear\plants\landscape]"
img752.png,"[1 - animals\humans]"
img753.png,"[1 - animals\humans]"
img754.png,"[1 - animals\humans]"
img755.png,"[0 - not clear\plants\landscape]"
img756.png,"[1 - animals\humans]"
img757.png,"[0 - not clear\plants\landscape]"
img758.png,"[0 - not clear\plants\landscape]"
img759.png,"[2 - structures\artifacts]"
img760.png,"[2 - structures\artifacts]"
img761.png,"[0 - not clear\plants\landscape]"
img762.png,"[1 - animals\humans]"
img763.png,"[2 - structures\artifacts]"
img764.png,"[1 - animals\humans]"
img765.png,"[0 - not clear\plants\landscape]"
img766.png,"[1 - animals\humans]"
img767.png,"[2 - structures\artifacts]"
img768.png,"[1 - animals\humans]"
img769.png,"[0 - not clear\plants\landscape]"
img770.png,"[2 - structures\artifacts]"
img771.png,"[2 - structures\artifacts]"
img772.png,"[2 - structures\artifacts]"
img773.png,"[0 - not clear\plants\landscape]"
img774.png,"[0 - not clear\plants\landscape]"
img775.png,"[0 - not clear\plants\landscape]"
img776.png,"[2 - structures\artifacts]"
img777.png,"[1 - animals\humans]"
img778.png,"[1 - animals\humans]"
img779.png,"[1 - animals\humans]"
img780.png,"[1 - animals\humans]"
img781.png,"[0 - not clear\plants\landscape]"
img782.png,"[1 - animals\humans]"
img783.png,"[2 - structures\artifacts]"
img784.png,"[1 - animals\humans]"
img785.png,"[1 - animals\humans]"
img786.png,"[1 - animals\humans]"
img787.png,"[1 - animals\humans]"
img788.png,"[1 - animals\humans]"
img789.png,"[0 - not clear\plants\landscape]"
img790.png,"[1 - animals\humans]"
img791.png,"[2 - structures\artifacts]"
img792.png,"[1 - animals\humans]"
img793.png,"[1 - animals\humans]"
img794.png,"[1 - animals\humans]"
img795.png,"[1 - animals\humans]"
img796.png,"[1 - animals\humans]"
img797.png,"[1 - animals\humans]"
img798.png,"[1 - animals\humans]"
img799.png,"[0 - not clear\plants\landscape]"
img800.png,"[0 - not clear\plants\landscape]"
img801.png,"[1 - animals\humans]"
img802.png,"[1 - animals\humans]"
img803.png,"[1 - animals\humans]"
img804.png,"[1 - animals\humans]"
img805.png,"[1 - animals\humans]"
img806.png,"[0 - not clear\plants\landscape]"
img807.png,"[1 - animals\humans]"
img808.png,"[1 - animals\humans]"
img809.png,"[1 - animals\humans]"
img810.png,"[0 - not clear\plants\landscape]"
img811.png,"[0 - not clear\plants\landscape]"
img812.png,"[1 - animals\humans]"
img813.png,"[1 - animals\humans]"
img814.png,"[0 - not clear\plants\landscape]"
img815.png,"[0 - not clear\plants\landscape]"
img816.png,"[0 - not clear\plants\landscape]"
img817.png,"[2 - structures\artifacts]"
img818.png,"[1 - animals\humans]"
img819.png,"[0 - not clear\plants\landscape]"
img820.png,"[1 - animals\humans]"
img821.png,"[2 - structures\artifacts]"
img822.png,"[2 - structures\artifacts]"
img823.png,"[2 - structures\artifacts]"
img824.png,"[2 - structures\artifacts]"
img825.png,"[1 - animals\humans]"
img826.png,"[0 - not clear\plants\landscape]"
img827.png,"[2 - structures\artifacts]"
img828.png,"[0 - not clear\plants\landscape]"
img829.png,"[1 - animals\humans]"
img830.png,"[2 - structures\artifacts]"
img831.png,"[0 - not clear\plants\landscape]"
img832.png,"[2 - structures\artifacts]"
img833.png,"[0 - not clear\plants\landscape]"
img834.png,"[1 - animals\humans]"
img835.png,"[2 - structures\artifacts]"
img836.png,"[1 - animals\humans]"
img837.png,"[2 - structures\artifacts]"
img838.png,"[1 - animals\humans]"
img839.png,"[2 - structures\artifacts]"
img840.png,"[2 - structures\artifacts]"
img841.png,"[1 - animals\humans]"
img842.png,"[2 - structures\artifacts]"
img843.png,"[1 - animals\humans]"
img844.png,"[2 - structures\artifacts]"
img845.png,"[2 - structures\artifacts]"
img846.png,"[1 - animals\humans]"
img847.png,"[1 - animals\humans]"
img848.png,"[2 - structures\artifacts]"
img849.png,"[2 - structures\artifacts]"
img850.png,"[0 - not clear\plants\landscape]"
img851.png,"[0 - not clear\plants\landscape]"
img852.png,"[0 - not clear\plants\landscape]"
img853.png,"[0 - not clear\plants\landscape]"
img854.png,"[0 - not clear\plants\landscape]"
img855.png,"[1 - animals\humans]"
img856.png,"[1 - animals\humans]"
img857.png,"[1 - animals\humans]"
img858.png,"[2 - structures\artifacts]"
img859.png,"[1 - animals\humans]"
img860.png,"[2 - structures\artifacts]"
img861.png,"[1 - animals\humans]"
img862.png,"[0 - not clear\plants\landscape]"
img863.png,"[0 - not clear\plants\landscape]"
img864.png,"[2 - structures\artifacts]"
img865.png,"[1 - animals\humans]"
img866.png,"[1 - animals\humans]"
img867.png,"[1 - animals\humans]"
img868.png,"[2 - structures\artifacts]"
img869.png,"[0 - not clear\plants\landscape]"
img870.png,"[0 - not clear\plants\landscape]"
img871.png,"[1 - animals\humans]"
img872.png,"[1 - animals\humans]"
img873.png,"[2 - structures\artifacts]"
img874.png,"[1 - animals\humans]"
img875.png,"[0 - not clear\plants\landscape]"
img876.png,"[1 - animals\humans]"
img877.png,"[2 - structures\artifacts]"
img878.png,"[1 - animals\humans]"
img879.png,"[2 - structures\artifacts]"
img880.png,"[0 - not clear\plants\landscape]"
img881.png,"[0 - not clear\plants\landscape]"
img882.png,"[2 - structures\artifacts]"
img883.png,"[0 - not clear\plants\landscape]"
img884.png,"[1 - animals\humans]"
img885.png,"[0 - not clear\plants\landscape]"
img886.png,"[1 - animals\humans]"
img887.png,"[2 - structures\artifacts]"
img888.png,"[1 - animals\humans]"
img889.png,"[2 - structures\artifacts]"
img890.png,"[0 - not clear\plants\landscape]"
img891.png,"[0 - not clear\plants\landscape]"
img892.png,"[1 - animals\humans]"
img893.png,"[1 - animals\humans]"
img894.png,"[0 - not clear\plants\landscape]"
img895.png,"[2 - structures\artifacts]"
img896.png,"[1 - animals\humans]"
img897.png,"[0 - not clear\plants\landscape]"
img898.png,"[2 - structures\artifacts]"
img899.png,"[2 - structures\artifacts]"
img900.png,"[2 - structures\artifacts]"
img901.png,"[2 - structures\artifacts]"
img902.png,"[1 - animals\humans]"
img903.png,"[1 - animals\humans]"
img904.png,"[2 - structures\artifacts]"
img905.png,"[1 - animals\humans]"
img906.png,"[1 - animals\humans]"
img907.png,"[0 - not clear\plants\landscape]"
img908.png,"[2 - structures\artifacts]"
img909.png,"[1 - animals\humans]"
img910.png,"[2 - structures\artifacts]"
img911.png,"[1 - animals\humans]"
img912.png,"[1 - animals\humans]"
img913.png,"[0 - not clear\plants\landscape]"
img914.png,"[1 - animals\humans]"
img915.png,"[2 - structures\artifacts]"
img916.png,"[1 - animals\humans]"
img917.png,"[2 - structures\artifacts]"
img918.png,"[0 - not clear\plants\landscape]"
img919.png,"[1 - animals\humans]"
img920.png,"[0 - not clear\plants\landscape]"
img921.png,"[0 - not clear\plants\landscape]"
img922.png,"[1 - animals\humans]"
img923.png,"[1 - animals\humans]"
img924.png,"[1 - animals\humans]"
img925.png,"[0 - not clear\plants\landscape]"
img926.png,"[0 - not clear\plants\landscape]"
img927.png,"[1 - animals\humans]"
img928.png,"[0 - not clear\plants\landscape]"
img929.png,"[1 - animals\humans]"
img930.png,"[0 - not clear\plants\landscape]"
img931.png,"[1 - animals\humans]"
img932.png,"[2 - structures\artifacts]"
img933.png,"[1 - animals\humans]"
img934.png,"[2 - structures\artifacts]"
img935.png,"[0 - not clear\plants\landscape]"
img936.png,"[2 - structures\artifacts]"
img937.png,"[2 - structures\artifacts]"
img938.png,"[2 - structures\artifacts]"
img939.png,"[2 - structures\artifacts]"
img940.png,"[2 - structures\artifacts]"
img941.png,"[0 - not clear\plants\landscape]"
img942.png,"[1 - animals\humans]"
img943.png,"[0 - not clear\plants\landscape]"
img944.png,"[1 - animals\humans]"
img945.png,"[2 - structures\artifacts]"
img946.png,"[2 - structures\artifacts]"
img947.png,"[2 - structures\artifacts]"
img948.png,"[1 - animals\humans]"
img949.png,"[0 - not clear\plants\landscape]"
img950.png,"[0 - not clear\plants\landscape]"
img951.png,"[2 - structures\artifacts]"
img952.png,"[0 - not clear\plants\landscape]"
img953.png,"[1 - animals\humans]"
img954.png,"[1 - animals\humans]"
img955.png,"[0 - not clear\plants\landscape]"
img956.png,"[0 - not clear\plants\landscape]"
img957.png,"[2 - structures\artifacts]"
img958.png,"[2 - structures\artifacts]"
img959.png,"[1 - animals\humans]"
img960.png,"[2 - structures\artifacts]"
img961.png,"[0 - not clear\plants\landscape]"
img962.png,"[0 - not clear\plants\landscape]"
img963.png,"[0 - not clear\plants\landscape]"
img964.png,"[1 - animals\humans]"
img965.png,"[1 - animals\humans]"
img966.png,"[1 - animals\humans]"
img967.png,"[1 - animals\humans]"
img968.png,"[1 - animals\humans]"
img969.png,"[2 - structures\artifacts]"
img970.png,"[2 - structures\artifacts]"
img971.png,"[2 - structures\artifacts]"
img972.png,"[2 - structures\artifacts]"
img973.png,"[1 - animals\humans]"
img974.png,"[1 - animals\humans]"
img975.png,"[0 - not clear\plants\landscape]"
img976.png,"[1 - animals\humans]"
img977.png,"[2 - structures\artifacts]"
img978.png,"[1 - animals\humans]"
img979.png,"[2 - structures\artifacts]"
img980.png,"[0 - not clear\plants\landscape]"
img981.png,"[0 - not clear\plants\landscape]"
img982.png,"[2 - structures\artifacts]"
img983.png,"[0 - not clear\plants\landscape]"
img984.png,"[1 - animals\humans]"
img985.png,"[1 - animals\humans]"
img986.png,"[1 - animals\humans]"
img987.png,"[2 - structures\artifacts]"
img988.png,"[1 - animals\humans]"
img989.png,"[0 - not clear\plants\landscape]"
img990.png,"[1 - animals\humans]"
img991.png,"[2 - structures\artifacts]"
img992.png,"[2 - structures\artifacts]"
img993.png,"[2 - structures\artifacts]"
img994.png,"[1 - animals\humans]"
img995.png,"[1 - animals\humans]"
img996.png,"[0 - not clear\plants\landscape]"
img997.png,"[2 - structures\artifacts]"
img998.png,"[1 - animals\humans]"
img999.png,"[0 - not clear\plants\landscape]"
img1000.png,"[0 - not clear\plants\landscape]"
img1001.png,"[1 - animals\humans]"
img1002.png,"[0 - not clear\plants\landscape]"
img1003.png,"[2 - structures\artifacts]"
img1004.png,"[2 - structures\artifacts]"
img1005.png,"[2 - structures\artifacts]"
img1006.png,"[2 - structures\artifacts]"
img1007.png,"[1 - animals\humans]"
img1008.png,"[0 - not clear\plants\landscape]"
img1009.png,"[0 - not clear\plants\landscape]"
img1010.png,"[1 - animals\humans]"
img1011.png,"[0 - not clear\plants\landscape]"
img1012.png,"[1 - animals\humans]"
img1013.png,"[1 - animals\humans]"
img1014.png,"[2 - structures\artifacts]"
img1015.png,"[1 - animals\humans]"
img1016.png,"[1 - animals\humans]"
img1017.png,"[2 - structures\artifacts]"
img1018.png,"[2 - structures\artifacts]"
img1019.png,"[0 - not clear\plants\landscape]"
img1020.png,"[1 - animals\humans]"
img1021.png,"[1 - animals\humans]"
img1022.png,"[1 - animals\humans]"
img1023.png,"[1 - animals\humans]"
img1024.png,"[2 - structures\artifacts]"
img1025.png,"[1 - animals\humans]"
img1026.png,"[0 - not clear\plants\landscape]"
img1027.png,"[1 - animals\humans]"
img1028.png,"[2 - structures\artifacts]"
img1029.png,"[2 - structures\artifacts]"
img1030.png,"[1 - animals\humans]"
img1031.png,"[2 - structures\artifacts]"
img1032.png,"[1 - animals\humans]"
img1033.png,"[1 - animals\humans]"
img1034.png,"[1 - animals\humans]"
img1035.png,"[1 - animals\humans]"
img1036.png,"[0 - not clear\plants\landscape]"
img1037.png,"[1 - animals\humans]"
img1038.png,"[1 - animals\humans]"
img1039.png,"[0 - not clear\plants\landscape]"
img1040.png,"[0 - not clear\plants\landscape]"
img1041.png,"[1 - animals\humans]"
img1042.png,"[2 - structures\artifacts]"
img1043.png,"[1 - animals\humans]"
img1044.png,"[2 - structures\artifacts]"
img1045.png,"[2 - structures\artifacts]"
img1046.png,"[2 - structures\artifacts]"
img1047.png,"[0 - not clear\plants\landscape]"
img1048.png,"[1 - animals\humans]"
img1049.png,"[1 - animals\humans]"
img1050.png,"[1 - animals\humans]"
img1051.png,"[2 - structures\artifacts]"
img1052.png,"[1 - animals\humans]"
img1053.png,"[1 - animals\humans]"
img1054.png,"[2 - structures\artifacts]"
img1055.png,"[1 - animals\humans]"
img1056.png,"[1 - animals\humans]"
img1057.png,"[1 - animals\humans]"
img1058.png,"[0 - not clear\plants\landscape]"
img1059.png,"[1 - animals\humans]"
img1060.png,"[2 - structures\artifacts]"
img1061.png,"[2 - structures\artifacts]"
img1062.png,"[2 - structures\artifacts]"
img1063.png,"[0 - not clear\plants\landscape]"
img1064.png,"[0 - not clear\plants\landscape]"
img1065.png,"[1 - animals\humans]"
img1066.png,"[2 - structures\artifacts]"
img1067.png,"[2 - structures\artifacts]"
img1068.png,"[0 - not clear\plants\landscape]"
img1069.png,"[2 - structures\artifacts]"
img1070.png,"[0 - not clear\plants\landscape]"
img1071.png,"[1 - animals\humans]"
img1072.png,"[2 - structures\artifacts]"
img1073.png,"[1 - animals\humans]"
img1074.png,"[2 - structures\artifacts]"
img1075.png,"[1 - animals\humans]"
img1076.png,"[0 - not clear\plants\landscape]"
img1077.png,"[1 - animals\humans]"
img1078.png,"[1 - animals\humans]"
img1079.png,"[1 - animals\humans]"
img1080.png,"[1 - animals\humans]"
img1081.png,"[1 - animals\humans]"
img1082.png,"[1 - animals\humans]"
img1083.png,"[2 - structures\artifacts]"
img1084.png,"[2 - structures\artifacts]"
img1085.png,"[1 - animals\humans]"
img1086.png,"[1 - animals\humans]"
img1087.png,"[2 - structures\artifacts]"
img1088.png,"[1 - animals\humans]"
img1089.png,"[1 - animals\humans]"
img1090.png,"[0 - not clear\plants\landscape]"
img1091.png,"[2 - structures\artifacts]"
img1092.png,"[0 - not clear\plants\landscape]"
img1093.png,"[1 - animals\humans]"
img1094.png,"[2 - structures\artifacts]"
img1095.png,"[0 - not clear\plants\landscape]"
img1096.png,"[1 - animals\humans]"
img1097.png,"[2 - structures\artifacts]"
img1098.png,"[1 - animals\humans]"
img1099.png,"[1 - animals\humans]"
img1100.png,"[0 - not clear\plants\landscape]"
img1101.png,"[2 - structures\artifacts]"
img1102.png,"[2 - structures\artifacts]"
img1103.png,"[2 - structures\artifacts]"
img1104.png,"[2 - structures\artifacts]"
img1105.png,"[1 - animals\humans]"
img1106.png,"[1 - animals\humans]"
img1107.png,"[0 - not clear\plants\landscape]"
img1108.png,"[2 - structures\artifacts]"
img1109.png,"[1 - animals\humans]"
img1110.png,"[1 - animals\humans]"
img1111.png,"[2 - structures\artifacts]"
img1112.png,"[2 - structures\artifacts]"
img1113.png,"[2 - structures\artifacts]"
img1114.png,"[2 - structures\artifacts]"
img1115.png,"[0 - not clear\plants\landscape]"
img1116.png,"[2 - structures\artifacts]"
img1117.png,"[2 - structures\artifacts]"
img1118.png,"[2 - structures\artifacts]"
img1119.png,"[0 - not clear\plants\landscape]"
img1120.png,"[2 - structures\artifacts]"
img1121.png,"[0 - not clear\plants\landscape]"
img1122.png,"[2 - structures\artifacts]"
img1123.png,"[2 - structures\artifacts]"
img1124.png,"[0 - not clear\plants\landscape]"
img1125.png,"[1 - animals\humans]"
img1126.png,"[0 - not clear\plants\landscape]"
img1127.png,"[1 - animals\humans]"
img1128.png,"[2 - structures\artifacts]"
img1129.png,"[1 - animals\humans]"
img1130.png,"[1 - animals\humans]"
img1131.png,"[0 - not clear\plants\landscape]"
img1132.png,"[0 - not clear\plants\landscape]"
img1133.png,"[1 - animals\humans]"
img1134.png,"[1 - animals\humans]"
img1135.png,"[2 - structures\artifacts]"
img1136.png,"[1 - animals\humans]"
img1137.png,"[0 - not clear\plants\landscape]"
img1138.png,"[0 - not clear\plants\landscape]"
img1139.png,"[1 - animals\humans]"
img1140.png,"[1 - animals\humans]"
img1141.png,"[1 - animals\humans]"
img1142.png,"[0 - not clear\plants\landscape]"
img1143.png,"[1 - animals\humans]"
img1144.png,"[2 - structures\artifacts]"
img1145.png,"[1 - animals\humans]"
img1146.png,"[0 - not clear\plants\landscape]"
img1147.png,"[0 - not clear\plants\landscape]"
img1148.png,"[2 - structures\artifacts]"
img1149.png,"[1 - animals\humans]"
img1150.png,"[0 - not clear\plants\landscape]"
img1151.png,"[0 - not clear\plants\landscape]"
img1152.png,"[1 - animals\humans]"
img1153.png,"[2 - structures\artifacts]"
img1154.png,"[0 - not clear\plants\landscape]"
img1155.png,"[1 - animals\humans]"
img1156.png,"[1 - animals\humans]"
img1157.png,"[1 - animals\humans]"
img1158.png,"[1 - animals\humans]"
img1159.png,"[0 - not clear\plants\landscape]"
img1160.png,"[2 - structures\artifacts]"
img1161.png,"[0 - not clear\plants\landscape]"
img1162.png,"[0 - not clear\plants\landscape]"
img1163.png,"[1 - animals\humans]"
img1164.png,"[1 - animals\humans]"
img1165.png,"[1 - animals\humans]"
img1166.png,"[2 - structures\artifacts]"
img1167.png,"[1 - animals\humans]"
img1168.png,"[1 - animals\humans]"
img1169.png,"[1 - animals\humans]"
img1170.png,"[0 - not clear\plants\landscape]"
img1171.png,"[2 - structures\artifacts]"
img1172.png,"[1 - animals\humans]"
img1173.png,"[0 - not clear\plants\landscape]"
img1174.png,"[2 - structures\artifacts]"
img1175.png,"[2 - structures\artifacts]"
img1176.png,"[2 - structures\artifacts]"
img1177.png,"[2 - structures\artifacts]"
img1178.png,"[1 - animals\humans]"
img1179.png,"[2 - structures\artifacts]"
img1180.png,"[1 - animals\humans]"
img1181.png,"[1 - animals\humans]"
img1182.png,"[2 - structures\artifacts]"
img1183.png,"[1 - animals\humans]"
img1184.png,"[0 - not clear\plants\landscape]"
img1185.png,"[2 - structures\artifacts]"
img1186.png,"[1 - animals\humans]"
img1187.png,"[2 - structures\artifacts]"
img1188.png,"[1 - animals\humans]"
img1189.png,"[0 - not clear\plants\landscape]"
img1190.png,"[2 - structures\artifacts]"
img1191.png,"[2 - structures\artifacts]"
img1192.png,"[0 - not clear\plants\landscape]"
img1193.png,"[1 - animals\humans]"
img1194.png,"[2 - structures\artifacts]"
img1195.png,"[1 - animals\humans]"
img1196.png,"[2 - structures\artifacts]"
img1197.png,"[1 - animals\humans]"
img1198.png,"[2 - structures\artifacts]"
img1199.png,"[2 - structures\artifacts]"
img1200.png,"[2 - structures\artifacts]"
img1201.png,"[1 - animals\humans]"
img1202.png,"[1 - animals\humans]"
img1203.png,"[2 - structures\artifacts]"
img1204.png,"[2 - structures\artifacts]"
img1205.png,"[0 - not clear\plants\landscape]"
img1206.png,"[1 - animals\humans]"
img1207.png,"[0 - not clear\plants\landscape]"
img1208.png,"[0 - not clear\plants\landscape]"
img1209.png,"[1 - animals\humans]"
img1210.png,"[1 - animals\humans]"
img1211.png,"[2 - structures\artifacts]"
img1212.png,"[0 - not clear\plants\landscape]"
img1213.png,"[0 - not clear\plants\landscape]"
img1214.png,"[0 - not clear\plants\landscape]"
img1215.png,"[2 - structures\artifacts]"
img1216.png,"[1 - animals\humans]"
img1217.png,"[1 - animals\humans]"
img1218.png,"[2 - structures\artifacts]"
img1219.png,"[1 - animals\humans]"
img1220.png,"[2 - structures\artifacts]"
img1221.png,"[2 - structures\artifacts]"
img1222.png,"[2 - structures\artifacts]"
img1223.png,"[2 - structures\artifacts]"
img1224.png,"[2 - structures\artifacts]"
img1225.png,"[1 - animals\humans]"
img1226.png,"[2 - structures\artifacts]"
img1227.png,"[0 - not clear\plants\landscape]"
img1228.png,"[1 - animals\humans]"
img1229.png,"[0 - not clear\plants\landscape]"
img1230.png,"[1 - animals\humans]"
img1231.png,"[1 - animals\humans]"
img1232.png,"[2 - structures\artifacts]"
img1233.png,"[1 - animals\humans]"
img1234.png,"[0 - not clear\plants\landscape]"
img1235.png,"[2 - structures\artifacts]"
img1236.png,"[1 - animals\humans]"
img1237.png,"[1 - animals\humans]"
img1238.png,"[1 - animals\humans]"
img1239.png,"[1 - animals\humans]"
img1240.png,"[0 - not clear\plants\landscape]"
img1241.png,"[0 - not clear\plants\landscape]"
img1242.png,"[2 - structures\artifacts]"
img1243.png,"[0 - not clear\plants\landscape]"
img1244.png,"[1 - animals\humans]"
img1245.png,"[1 - animals\humans]"
img1246.png,"[1 - animals\humans]"
img1247.png,"[1 - animals\humans]"
img1248.png,"[1 - animals\humans]"
img1249.png,"[2 - structures\artifacts]"
img1250.png,"[2 - structures\artifacts]"
img1251.png,"[1 - animals\humans]"
img1252.png,"[1 - animals\humans]"
img1253.png,"[2 - structures\artifacts,1 - animals\humans]"
img1254.png,"[1 - animals\humans]"
img1255.png,"[2 - structures\artifacts]"
img1256.png,"[1 - animals\humans]"
img1257.png,"[2 - structures\artifacts]"
img1258.png,"[1 - animals\humans]"
img1259.png,"[0 - not clear\plants\landscape]"
img1260.png,"[0 - not clear\plants\landscape]"
img1261.png,"[1 - animals\humans]"
img1262.png,"[1 - animals\humans]"
img1263.png,"[2 - structures\artifacts]"
img1264.png,"[0 - not clear\plants\landscape]"
img1265.png,"[1 - animals\humans]"
img1266.png,"[2 - structures\artifacts]"
img1267.png,"[1 - animals\humans]"
img1268.png,"[2 - structures\artifacts]"
img1269.png,"[2 - structures\artifacts]"
img1270.png,"[2 - structures\artifacts]"
img1271.png,"[0 - not clear\plants\landscape]"
img1272.png,"[2 - structures\artifacts]"
img1273.png,"[1 - animals\humans]"
img1274.png,"[1 - animals\humans]"
img1275.png,"[0 - not clear\plants\landscape]"
img1276.png,"[2 - structures\artifacts]"
img1277.png,"[2 - structures\artifacts]"
img1278.png,"[0 - not clear\plants\landscape]"
img1279.png,"[0 - not clear\plants\landscape]"
img1280.png,"[1 - animals\humans]"
img1281.png,"[0 - not clear\plants\landscape]"
img1282.png,"[0 - not clear\plants\landscape]"
img1283.png,"[2 - structures\artifacts]"
img1284.png,"[1 - animals\humans]"
img1285.png,"[1 - animals\humans]"
img1286.png,"[1 - animals\humans]"
img1287.png,"[1 - animals\humans]"
img1288.png,"[2 - structures\artifacts]"
img1289.png,"[1 - animals\humans]"
img1290.png,"[1 - animals\humans]"
img1291.png,"[2 - structures\artifacts]"
img1292.png,"[1 - animals\humans]"
img1293.png,"[2 - structures\artifacts]"
img1294.png,"[1 - animals\humans]"
img1295.png,"[1 - animals\humans]"
img1296.png,"[2 - structures\artifacts]"
img1297.png,"[2 - structures\artifacts]"
img1298.png,"[0 - not clear\plants\landscape]"
img1299.png,"[0 - not clear\plants\landscape]"
img1300.png,"[1 - animals\humans]"
img1301.png,"[1 - animals\humans]"
img1302.png,"[1 - animals\humans]"
img1303.png,"[2 - structures\artifacts]"
img1304.png,"[2 - structures\artifacts]"
img1305.png,"[1 - animals\humans]"
img1306.png,"[2 - structures\artifacts]"
img1307.png,"[1 - animals\humans]"
img1308.png,"[1 - animals\humans]"
img1309.png,"[1 - animals\humans]"
img1310.png,"[1 - animals\humans]"
img1311.png,"[0 - not clear\plants\landscape]"
img1312.png,"[2 - structures\artifacts]"
img1313.png,"[2 - structures\artifacts]"
img1314.png,"[1 - animals\humans]"
img1315.png,"[2 - structures\artifacts]"
img1316.png,"[1 - animals\humans]"
img1317.png,"[2 - structures\artifacts]"
img1318.png,"[2 - structures\artifacts]"
img1319.png,"[1 - animals\humans]"
img1320.png,"[1 - animals\humans]"
img1321.png,"[1 - animals\humans]"
img1322.png,"[2 - structures\artifacts]"
img1323.png,"[0 - not clear\plants\landscape]"
img1324.png,"[1 - animals\humans]"
img1325.png,"[1 - animals\humans]"
img1326.png,"[2 - structures\artifacts]"
img1327.png,"[0 - not clear\plants\landscape]"
img1328.png,"[2 - structures\artifacts]"
img1329.png,"[2 - structures\artifacts]"
img1330.png,"[1 - animals\humans]"
img1331.png,"[0 - not clear\plants\landscape]"
img1332.png,"[1 - animals\humans]"
img1333.png,"[1 - animals\humans]"
img1334.png,"[1 - animals\humans]"
img1335.png,"[2 - structures\artifacts]"
img1336.png,"[2 - structures\artifacts]"
img1337.png,"[2 - structures\artifacts]"
img1338.png,"[0 - not clear\plants\landscape]"
img1339.png,"[1 - animals\humans]"
img1340.png,"[2 - structures\artifacts]"
img1341.png,"[2 - structures\artifacts]"
img1342.png,"[0 - not clear\plants\landscape]"
img1343.png,"[1 - animals\humans]"
img1344.png,"[1 - animals\humans]"
img1345.png,"[1 - animals\humans]"
img1346.png,"[2 - structures\artifacts]"
img1347.png,"[2 - structures\artifacts]"
img1348.png,"[1 - animals\humans]"
img1349.png,"[2 - structures\artifacts]"
img1350.png,"[1 - animals\humans]"
img1351.png,"[0 - not clear\plants\landscape]"
img1352.png,"[0 - not clear\plants\landscape]"
img1353.png,"[1 - animals\humans]"
img1354.png,"[2 - structures\artifacts]"
img1355.png,"[0 - not clear\plants\landscape]"
img1356.png,"[0 - not clear\plants\landscape]"
img1357.png,"[2 - structures\artifacts]"
img1358.png,"[2 - structures\artifacts]"
img1359.png,"[0 - not clear\plants\landscape]"
img1360.png,"[1 - animals\humans]"
img1361.png,"[2 - structures\artifacts]"
img1362.png,"[2 - structures\artifacts]"
img1363.png,"[1 - animals\humans]"
img1364.png,"[0 - not clear\plants\landscape]"
img1365.png,"[2 - structures\artifacts]"
img1366.png,"[1 - animals\humans]"
img1367.png,"[1 - animals\humans]"
img1368.png,"[1 - animals\humans]"
img1369.png,"[1 - animals\humans]"
img1370.png,"[2 - structures\artifacts]"
img1371.png,"[2 - structures\artifacts]"
img1372.png,"[2 - structures\artifacts]"
img1373.png,"[1 - animals\humans]"
img1374.png,"[2 - structures\artifacts]"
img1375.png,"[2 - structures\artifacts,0 - not clear\plants\landscape]"
img1376.png,"[1 - animals\humans]"
img1377.png,"[1 - animals\humans]"
img1378.png,"[0 - not clear\plants\landscape]"
img1379.png,"[0 - not clear\plants\landscape]"
img1380.png,"[0 - not clear\plants\landscape]"
img1381.png,"[0 - not clear\plants\landscape]"
img1382.png,"[2 - structures\artifacts]"
img1383.png,"[1 - animals\humans]"
img1384.png,"[1 - animals\humans]"
img1385.png,"[1 - animals\humans]"
img1386.png,"[1 - animals\humans]"
img1387.png,"[1 - animals\humans]"
img1388.png,"[1 - animals\humans]"
img1389.png,"[2 - structures\artifacts]"
img1390.png,"[0 - not clear\plants\landscape]"
img1391.png,"[1 - animals\humans]"
img1392.png,"[1 - animals\humans]"
img1393.png,"[1 - animals\humans]"
img1394.png,"[1 - animals\humans]"
img1395.png,"[1 - animals\humans]"
img1396.png,"[0 - not clear\plants\landscape]"
img1397.png,"[2 - structures\artifacts]"
img1398.png,"[0 - not clear\plants\landscape]"
img1399.png,"[1 - animals\humans]"
img1400.png,"[2 - structures\artifacts]"
img1401.png,"[0 - not clear\plants\landscape]"
img1402.png,"[1 - animals\humans]"
img1403.png,"[1 - animals\humans]"
img1404.png,"[2 - structures\artifacts]"
img1405.png,"[1 - animals\humans]"
img1406.png,"[2 - structures\artifacts]"
img1407.png,"[2 - structures\artifacts]"
img1408.png,"[2 - structures\artifacts]"
img1409.png,"[1 - animals\humans]"
img1410.png,"[0 - not clear\plants\landscape]"
img1411.png,"[0 - not clear\plants\landscape]"
img1412.png,"[1 - animals\humans]"
img1413.png,"[1 - animals\humans]"
img1414.png,"[2 - structures\artifacts]"
img1415.png,"[1 - animals\humans]"
img1416.png,"[2 - structures\artifacts]"
img1417.png,"[2 - structures\artifacts]"
img1418.png,"[2 - structures\artifacts]"
img1419.png,"[2 - structures\artifacts]"
img1420.png,"[2 - structures\artifacts]"
img1421.png,"[2 - structures\artifacts]"
img1422.png,"[1 - animals\humans]"
img1423.png,"[1 - animals\humans]"
img1424.png,"[2 - structures\artifacts]"
img1425.png,"[0 - not clear\plants\landscape]"
img1426.png,"[1 - animals\humans]"
img1427.png,"[0 - not clear\plants\landscape]"
img1428.png,"[2 - structures\artifacts]"
img1429.png,"[0 - not clear\plants\landscape]"
img1430.png,"[1 - animals\humans]"
img1431.png,"[2 - structures\artifacts]"
img1432.png,"[1 - animals\humans]"
img1433.png,"[0 - not clear\plants\landscape]"
img1434.png,"[0 - not clear\plants\landscape]"
img1435.png,"[0 - not clear\plants\landscape]"
img1436.png,"[1 - animals\humans]"
img1437.png,"[1 - animals\humans]"
img1438.png,"[1 - animals\humans]"
img1439.png,"[1 - animals\humans]"
img1440.png,"[1 - animals\humans]"
img1441.png,"[2 - structures\artifacts]"
img1442.png,"[2 - structures\artifacts]"
img1443.png,"[1 - animals\humans]"
img1444.png,"[0 - not clear\plants\landscape]"
img1445.png,"[1 - animals\humans]"
img1446.png,"[0 - not clear\plants\landscape]"
img1447.png,"[1 - animals\humans]"
img1448.png,"[1 - animals\humans]"
img1449.png,"[2 - structures\artifacts]"
img1450.png,"[2 - structures\artifacts]"
img1451.png,"[0 - not clear\plants\landscape]"
img1452.png,"[0 - not clear\plants\landscape]"
img1453.png,"[0 - not clear\plants\landscape]"
img1454.png,"[1 - animals\humans]"
img1455.png,"[1 - animals\humans]"
img1456.png,"[1 - animals\humans]"
img1457.png,"[0 - not clear\plants\landscape]"
img1458.png,"[1 - animals\humans]"
img1459.png,"[0 - not clear\plants\landscape]"
img1460.png,"[1 - animals\humans]"
img1461.png,"[2 - structures\artifacts]"
img1462.png,"[1 - animals\humans]"
img1463.png,"[0 - not clear\plants\landscape]"
img1464.png,"[1 - animals\humans]"
img1465.png,"[2 - structures\artifacts]"
img1466.png,"[2 - structures\artifacts]"
img1467.png,"[2 - structures\artifacts]"
img1468.png,"[0 - not clear\plants\landscape]"
img1469.png,"[1 - animals\humans]"
img1470.png,"[1 - animals\humans]"
img1471.png,"[0 - not clear\plants\landscape]"
img1472.png,"[0 - not clear\plants\landscape]"
img1473.png,"[2 - structures\artifacts]"
img1474.png,"[0 - not clear\plants\landscape]"
img1475.png,"[1 - animals\humans]"
img1476.png,"[1 - animals\humans]"
img1477.png,"[1 - animals\humans]"
img1478.png,"[1 - animals\humans]"
img1479.png,"[1 - animals\humans]"
img1480.png,"[1 - animals\humans]"
img1481.png,"[1 - animals\humans]"
img1482.png,"[2 - structures\artifacts]"
img1483.png,"[2 - structures\artifacts]"
img1484.png,"[2 - structures\artifacts]"
img1485.png,"[2 - structures\artifacts]"
img1486.png,"[1 - animals\humans]"
img1487.png,"[1 - animals\humans]"
img1488.png,"[1 - animals\humans]"
img1489.png,"[0 - not clear\plants\landscape]"
img1490.png,"[1 - animals\humans]"
img1491.png,"[2 - structures\artifacts]"
img1492.png,"[2 - structures\artifacts]"
img1493.png,"[1 - animals\humans]"
img1494.png,"[1 - animals\humans]"
img1495.png,"[1 - animals\humans]"
img1496.png,"[0 - not clear\plants\landscape]"
img1497.png,"[0 - not clear\plants\landscape]"
img1498.png,"[0 - not clear\plants\landscape]"
img1499.png,"[0 - not clear\plants\landscape]"
img1500.png,"[1 - animals\humans]"
img1501.png,"[1 - animals\humans]"
img1502.png,"[0 - not clear\plants\landscape]"
img1503.png,"[2 - structures\artifacts]"
img1504.png,"[0 - not clear\plants\landscape]"
img1505.png,"[0 - not clear\plants\landscape]"
img1506.png,"[2 - structures\artifacts]"
img1507.png,"[1 - animals\humans]"
img1508.png,"[2 - structures\artifacts]"
img1509.png,"[0 - not clear\plants\landscape]"
img1510.png,"[1 - animals\humans]"
img1511.png,"[1 - animals\humans]"
img1512.png,"[0 - not clear\plants\landscape]"
img1513.png,"[1 - animals\humans]"
img1514.png,"[1 - animals\humans]"
img1515.png,"[1 - animals\humans]"
img1516.png,"[0 - not clear\plants\landscape]"
img1517.png,"[1 - animals\humans]"
img1518.png,"[1 - animals\humans]"
img1519.png,"[2 - structures\artifacts]"
img1520.png,"[2 - structures\artifacts]"
img1521.png,"[1 - animals\humans]"
img1522.png,"[1 - animals\humans]"
img1523.png,"[1 - animals\humans]"
img1524.png,"[1 - animals\humans]"
img1525.png,"[0 - not clear\plants\landscape]"
img1526.png,"[1 - animals\humans]"
img1527.png,"[1 - animals\humans]"
img1528.png,"[2 - structures\artifacts]"
img1529.png,"[2 - structures\artifacts]"
img1530.png,"[0 - not clear\plants\landscape]"
img1531.png,"[2 - structures\artifacts]"
img1532.png,"[1 - animals\humans]"
img1533.png,"[1 - animals\humans]"
img1534.png,"[2 - structures\artifacts]"
img1535.png,"[1 - animals\humans]"
img1536.png,"[1 - animals\humans]"
img1537.png,"[1 - animals\humans]"
img1538.png,"[1 - animals\humans]"
img1539.png,"[1 - animals\humans]"
img1540.png,"[1 - animals\humans]"
img1541.png,"[1 - animals\humans]"
img1542.png,"[1 - animals\humans]"
img1543.png,"[1 - animals\humans]"
img1544.png,"[1 - animals\humans]"
img1545.png,"[2 - structures\artifacts]"
img1546.png,"[1 - animals\humans]"
img1547.png,"[1 - animals\humans]"
img1548.png,"[1 - animals\humans]"
img1549.png,"[2 - structures\artifacts]"
img1550.png,"[0 - not clear\plants\landscape]"
img1551.png,"[0 - not clear\plants\landscape]"
img1552.png,"[1 - animals\humans]"
img1553.png,"[0 - not clear\plants\landscape]"
img1554.png,"[2 - structures\artifacts]"
img1555.png,"[2 - structures\artifacts]"
img1556.png,"[0 - not clear\plants\landscape]"
img1557.png,"[1 - animals\humans]"
img1558.png,"[0 - not clear\plants\landscape]"
img1559.png,"[2 - structures\artifacts]"
img1560.png,"[0 - not clear\plants\landscape]"
img1561.png,"[1 - animals\humans]"
img1562.png,"[2 - structures\artifacts]"
img1563.png,"[2 - structures\artifacts]"
img1564.png,"[0 - not clear\plants\landscape]"
img1565.png,"[1 - animals\humans]"
img1566.png,"[1 - animals\humans]"
img1567.png,"[0 - not clear\plants\landscape]"
img1568.png,"[1 - animals\humans]"
img1569.png,"[1 - animals\humans]"
img1570.png,"[0 - not clear\plants\landscape]"
img1571.png,"[1 - animals\humans]"
img1572.png,"[1 - animals\humans]"
img1573.png,"[1 - animals\humans]"
img1574.png,"[1 - animals\humans]"
img1575.png,"[0 - not clear\plants\landscape]"
img1576.png,"[1 - animals\humans]"
img1577.png,"[2 - structures\artifacts]"
img1578.png,"[1 - animals\humans]"
img1579.png,"[1 - animals\humans]"
img1580.png,"[0 - not clear\plants\landscape]"
img1581.png,"[1 - animals\humans]"
img1582.png,"[1 - animals\humans]"
img1583.png,"[1 - animals\humans]"
img1584.png,"[1 - animals\humans]"
img1585.png,"[2 - structures\artifacts]"
img1586.png,"[1 - animals\humans]"
img1587.png,"[0 - not clear\plants\landscape]"
img1588.png,"[1 - animals\humans]"
img1589.png,"[0 - not clear\plants\landscape]"
img1590.png,"[2 - structures\artifacts]"
img1591.png,"[2 - structures\artifacts]"
img1592.png,"[1 - animals\humans]"
img1593.png,"[2 - structures\artifacts]"
img1594.png,"[2 - structures\artifacts]"
img1595.png,"[1 - animals\humans]"
img1596.png,"[2 - structures\artifacts]"
img1597.png,"[1 - animals\humans]"
img1598.png,"[2 - structures\artifacts]"
img1599.png,"[1 - animals\humans]"
img1600.png,"[1 - animals\humans]"
img1601.png,"[2 - structures\artifacts]"
img1602.png,"[1 - animals\humans]"
img1603.png,"[0 - not clear\plants\landscape]"
img1604.png,"[2 - structures\artifacts]"
img1605.png,"[1 - animals\humans]"
img1606.png,"[1 - animals\humans]"
img1607.png,"[0 - not clear\plants\landscape]"
img1608.png,"[2 - structures\artifacts]"
img1609.png,"[2 - structures\artifacts]"
img1610.png,"[0 - not clear\plants\landscape]"
img1611.png,"[1 - animals\humans]"
img1612.png,"[1 - animals\humans]"
img1613.png,"[0 - not clear\plants\landscape]"
img1614.png,"[2 - structures\artifacts]"
img1615.png,"[1 - animals\humans]"
img1616.png,"[1 - animals\humans]"
img1617.png,"[1 - animals\humans]"
img1618.png,"[1 - animals\humans]"
img1619.png,"[2 - structures\artifacts]"
img1620.png,"[1 - animals\humans]"
img1621.png,"[2 - structures\artifacts]"
img1622.png,"[2 - structures\artifacts]"
img1623.png,"[2 - structures\artifacts]"
img1624.png,"[2 - structures\artifacts]"
img1625.png,"[0 - not clear\plants\landscape]"
img1626.png,"[1 - animals\humans]"
img1627.png,"[1 - animals\humans]"
img1628.png,"[1 - animals\humans]"
img1629.png,"[0 - not clear\plants\landscape]"
img1630.png,"[1 - animals\humans]"
img1631.png,"[1 - animals\humans]"
img1632.png,"[1 - animals\humans]"
img1633.png,"[0 - not clear\plants\landscape]"
img1634.png,"[2 - structures\artifacts]"
img1635.png,"[0 - not clear\plants\landscape]"
img1636.png,"[1 - animals\humans]"
img1637.png,"[0 - not clear\plants\landscape]"
img1638.png,"[1 - animals\humans]"
img1639.png,"[1 - animals\humans]"
img1640.png,"[0 - not clear\plants\landscape]"
img1641.png,"[2 - structures\artifacts]"
img1642.png,"[2 - structures\artifacts]"
img1643.png,"[1 - animals\humans]"
img1644.png,"[1 - animals\humans]"
img1645.png,"[1 - animals\humans]"
img1646.png,"[2 - structures\artifacts]"
img1647.png,"[2 - structures\artifacts]"
img1648.png,"[1 - animals\humans]"
img1649.png,"[1 - animals\humans]"
img1650.png,"[1 - animals\humans]"
img1651.png,"[1 - animals\humans]"
img1652.png,"[2 - structures\artifacts]"
img1653.png,"[2 - structures\artifacts]"
img1654.png,"[2 - structures\artifacts]"
img1655.png,"[0 - not clear\plants\landscape]"
img1656.png,"[2 - structures\artifacts]"
img1657.png,"[2 - structures\artifacts]"
img1658.png,"[0 - not clear\plants\landscape]"
img1659.png,"[2 - structures\artifacts]"
img1660.png,"[0 - not clear\plants\landscape]"
img1661.png,"[1 - animals\humans]"
img1662.png,"[1 - animals\humans]"
img1663.png,"[0 - not clear\plants\landscape]"
img1664.png,"[0 - not clear\plants\landscape]"
img1665.png,"[0 - not clear\plants\landscape]"
img1666.png,"[2 - structures\artifacts]"
img1667.png,"[2 - structures\artifacts]"
img1668.png,"[0 - not clear\plants\landscape]"
img1669.png,"[2 - structures\artifacts]"
img1670.png,"[1 - animals\humans]"
img1671.png,"[2 - structures\artifacts]"
img1672.png,"[0 - not clear\plants\landscape]"
img1673.png,"[1 - animals\humans]"
img1674.png,"[1 - animals\humans]"
img1675.png,"[1 - animals\humans]"
img1676.png,"[2 - structures\artifacts]"
img1677.png,"[1 - animals\humans]"
img1678.png,"[0 - not clear\plants\landscape]"
img1679.png,"[0 - not clear\plants\landscape]"
img1680.png,"[1 - animals\humans]"
img1681.png,"[1 - animals\humans]"
img1682.png,"[0 - not clear\plants\landscape]"
img1683.png,"[1 - animals\humans]"
img1684.png,"[1 - animals\humans]"
img1685.png,"[1 - animals\humans]"
img1686.png,"[1 - animals\humans]"
img1687.png,"[0 - not clear\plants\landscape]"
img1688.png,"[0 - not clear\plants\landscape]"
img1689.png,"[0 - not clear\plants\landscape]"
img1690.png,"[0 - not clear\plants\landscape]"
img1691.png,"[0 - not clear\plants\landscape]"
img1692.png,"[1 - animals\humans]"
img1693.png,"[2 - structures\artifacts]"
img1694.png,"[2 - structures\artifacts]"
img1695.png,"[0 - not clear\plants\landscape]"
img1696.png,"[2 - structures\artifacts]"
img1697.png,"[2 - structures\artifacts]"
img1698.png,"[0 - not clear\plants\landscape]"
img1699.png,"[1 - animals\humans]"
img1700.png,"[2 - structures\artifacts]"
img1701.png,"[2 - structures\artifacts]"
img1702.png,"[1 - animals\humans]"
img1703.png,"[2 - structures\artifacts]"
img1704.png,"[0 - not clear\plants\landscape]"
img1705.png,"[1 - animals\humans]"
img1706.png,"[0 - not clear\plants\landscape]"
img1707.png,"[0 - not clear\plants\landscape]"
img1708.png,"[1 - animals\humans]"
img1709.png,"[0 - not clear\plants\landscape]"
img1710.png,"[1 - animals\humans]"
img1711.png,"[0 - not clear\plants\landscape]"
img1712.png,"[1 - animals\humans]"
img1713.png,"[0 - not clear\plants\landscape]"
img1714.png,"[0 - not clear\plants\landscape]"
img1715.png,"[2 - structures\artifacts]"
img1716.png,"[1 - animals\humans]"
img1717.png,"[2 - structures\artifacts]"
img1718.png,"[2 - structures\artifacts]"
img1719.png,"[2 - structures\artifacts]"
img1720.png,"[2 - structures\artifacts]"
img1721.png,"[1 - animals\humans]"
img1722.png,"[1 - animals\humans]"
img1723.png,"[2 - structures\artifacts]"
img1724.png,"[0 - not clear\plants\landscape]"
img1725.png,"[1 - animals\humans]"
img1726.png,"[1 - animals\humans]"
img1727.png,"[1 - animals\humans]"
img1728.png,"[0 - not clear\plants\landscape]"
img1729.png,"[2 - structures\artifacts]"
img1730.png,"[0 - not clear\plants\landscape]"
img1731.png,"[2 - structures\artifacts]"
img1732.png,"[0 - not clear\plants\landscape]"
img1733.png,"[1 - animals\humans]"
img1734.png,"[0 - not clear\plants\landscape]"
img1735.png,"[0 - not clear\plants\landscape]"
img1736.png,"[2 - structures\artifacts]"
img1737.png,"[1 - animals\humans]"
img1738.png,"[1 - animals\humans]"
img1739.png,"[0 - not clear\plants\landscape]"
img1740.png,"[0 - not clear\plants\landscape]"
img1741.png,"[2 - structures\artifacts]"
img1742.png,"[1 - animals\humans]"
img1743.png,"[2 - structures\artifacts]"
img1744.png,"[1 - animals\humans]"
img1745.png,"[1 - animals\humans]"
img1746.png,"[1 - animals\humans]"
img1747.png,"[1 - animals\humans]"
img1748.png,"[2 - structures\artifacts]"
img1749.png,"[2 - structures\artifacts]"
img1750.png,"[2 - structures\artifacts]"